{"lr": 2.2520040080160322e-05, "data_time": 0.07563786506652832, "loss": 12.042908096313477, "loss_rpn_cls": 0.6510501623153686, "loss_rpn_bbox": 0.017380797863006593, "loss_cls": 1.707555365562439, "acc": 14.6484375, "loss_bbox": 0.009984892420470714, "loss_mask": 9.656936883926392, "time": 26.965575170516967, "epoch": 1, "iter": 5, "step": 5}
{"lr": 4.754509018036072e-05, "data_time": 0.10159292221069335, "loss": 7.3204871892929075, "loss_rpn_cls": 0.6427658140659332, "loss_rpn_bbox": 0.017195428162813185, "loss_cls": 1.0879956275224685, "acc": 93.9453125, "loss_bbox": 0.007604288752190769, "loss_mask": 5.564926028251648, "time": 26.61809437274933, "epoch": 2, "iter": 10, "step": 10}
{"lr": 7.257014028056112e-05, "data_time": 0.10948274930318197, "loss": 5.858487296104431, "loss_rpn_cls": 0.6320883512496949, "loss_rpn_bbox": 0.016498708724975587, "loss_cls": 0.8006995230913162, "acc": 92.96875, "loss_bbox": 0.007152741883570949, "loss_mask": 4.402047952016194, "time": 27.432654666900635, "epoch": 3, "iter": 15, "step": 15}
{"coco/bbox_mAP": 0.0, "coco/bbox_mAP_50": 0.0, "coco/bbox_mAP_75": 0.0, "coco/bbox_mAP_s": -1.0, "coco/bbox_mAP_m": -1.0, "coco/bbox_mAP_l": 0.0, "coco/segm_mAP": 0.0, "coco/segm_mAP_50": 0.0, "coco/segm_mAP_75": 0.0, "coco/segm_mAP_s": -1.0, "coco/segm_mAP_m": -1.0, "coco/segm_mAP_l": 0.0, "data_time": 1.5108730792999268, "time": 10.117497205734253, "step": 3}
{"lr": 9.759519038076152e-05, "data_time": 0.10142266750335693, "loss": 4.901056152582169, "loss_rpn_cls": 0.6151060163974762, "loss_rpn_bbox": 0.016935090348124505, "loss_cls": 0.6606093265116215, "acc": 93.9453125, "loss_bbox": 0.006615315203089267, "loss_mask": 3.601790374517441, "time": 28.195620894432068, "epoch": 4, "iter": 20, "step": 20}
{"lr": 0.0001226202404809619, "data_time": 0.10190133094787597, "loss": 4.238720541000366, "loss_rpn_cls": 0.5960318291187287, "loss_rpn_bbox": 0.021007072627544403, "loss_cls": 0.5767250400781632, "acc": 93.9453125, "loss_bbox": 0.006039088210090995, "loss_mask": 3.0389174830913546, "time": 28.53131597518921, "epoch": 5, "iter": 25, "step": 25}
{"lr": 0.00014764529058116228, "data_time": 0.1060484250386556, "loss": 3.738045799732208, "loss_rpn_cls": 0.5716632425785064, "loss_rpn_bbox": 0.023749326914548875, "loss_cls": 0.5192732791105906, "acc": 93.9453125, "loss_bbox": 0.005564301290238897, "loss_mask": 2.61779562830925, "time": 28.139816308021544, "epoch": 6, "iter": 30, "step": 30}
{"coco/bbox_mAP": 0.0, "coco/bbox_mAP_50": 0.0, "coco/bbox_mAP_75": 0.0, "coco/bbox_mAP_s": -1.0, "coco/bbox_mAP_m": -1.0, "coco/bbox_mAP_l": 0.0, "coco/segm_mAP": 0.0, "coco/segm_mAP_50": 0.0, "coco/segm_mAP_75": 0.0, "coco/segm_mAP_s": -1.0, "coco/segm_mAP_m": -1.0, "coco/segm_mAP_l": 0.0, "data_time": 0.8026460806528727, "time": 9.441185394922892, "step": 6}
{"lr": 0.00017267034068136272, "data_time": 0.10122999463762555, "loss": 3.369477038724082, "loss_rpn_cls": 0.5458936819008419, "loss_rpn_bbox": 0.026309466574873243, "loss_cls": 0.47619612004075734, "acc": 93.9453125, "loss_bbox": 0.005479411268606782, "loss_mask": 2.315598345228604, "time": 28.508567319597518, "epoch": 7, "iter": 35, "step": 35}
{"lr": 0.00019769539078156313, "data_time": 0.10042153000831604, "loss": 3.0873801156878473, "loss_rpn_cls": 0.5183433368802071, "loss_rpn_bbox": 0.031522808223962785, "loss_cls": 0.44221252016723156, "acc": 93.9453125, "loss_bbox": 0.005195363383973017, "loss_mask": 2.09010607264936, "time": 28.57858654856682, "epoch": 8, "iter": 40, "step": 40}
{"lr": 2.227204408817635e-05, "data_time": 0.09473612043592665, "loss": 2.845418793625302, "loss_rpn_cls": 0.4912968218326569, "loss_rpn_bbox": 0.02988254560364617, "loss_cls": 0.4142897208531698, "acc": 92.96875, "loss_bbox": 0.004978994202489654, "loss_mask": 1.9049706992175843, "time": 28.662696207894218, "epoch": 9, "iter": 45, "step": 45}
{"coco/bbox_mAP": 0.0, "coco/bbox_mAP_50": 0.0, "coco/bbox_mAP_75": 0.0, "coco/bbox_mAP_s": -1.0, "coco/bbox_mAP_m": -1.0, "coco/bbox_mAP_l": 0.0, "coco/segm_mAP": 0.0, "coco/segm_mAP_50": 0.0, "coco/segm_mAP_75": 0.0, "coco/segm_mAP_s": -1.0, "coco/segm_mAP_m": -1.0, "coco/segm_mAP_l": 0.0, "data_time": 0.7931568622589111, "time": 9.412872473398844, "step": 9}
