{"lr": 4.754509018036072e-05, "data_time": 0.04362523555755615, "loss": 8.577553462982177, "loss_rpn_cls": 0.6880235075950623, "loss_rpn_bbox": 0.05607859566807747, "loss_cls": 0.6847480669617653, "acc": 98.73046875, "loss_bbox": 0.005437561419967096, "loss_mask": 7.143265748023987, "time": 26.533615827560425, "epoch": 1, "iter": 10, "step": 10}
{"lr": 9.759519038076152e-05, "data_time": 0.02726818323135376, "loss": 6.723893523216248, "loss_rpn_cls": 0.6745750069618225, "loss_rpn_bbox": 0.04851645545568317, "loss_cls": 0.3763134294189513, "acc": 97.65625, "loss_bbox": 0.009301931095978943, "loss_mask": 5.615186667442321, "time": 25.776386034488677, "epoch": 1, "iter": 20, "step": 20}
{"lr": 0.00014764529058116228, "data_time": 0.020813902219136555, "loss": 5.337715379397074, "loss_rpn_cls": 0.6515640338261922, "loss_rpn_bbox": 0.04166942116183539, "loss_cls": 0.27460657195188104, "acc": 98.4375, "loss_bbox": 0.013076834595995023, "loss_mask": 4.35679849187533, "time": 26.489310836791994, "epoch": 1, "iter": 30, "step": 30}
{"lr": 0.00020270040080160322, "data_time": 0.021638794643122974, "loss": 4.509796552541779, "loss_rpn_cls": 0.6231424910266224, "loss_rpn_bbox": 0.04629291190266064, "loss_cls": 0.2602568354071459, "acc": 90.625, "loss_bbox": 0.04493607829251077, "loss_mask": 3.5351682159958817, "time": 26.415845777930283, "epoch": 2, "iter": 41, "step": 41}
{"lr": 0.00025275050100200403, "data_time": 0.013113317489624023, "loss": 3.772196660041809, "loss_rpn_cls": 0.5865420925617219, "loss_rpn_bbox": 0.03843838478904218, "loss_cls": 0.22153810805641114, "acc": 95.80078125, "loss_bbox": 0.060808374552289025, "loss_mask": 2.864869680404663, "time": 26.67456521511078, "epoch": 2, "iter": 51, "step": 51}
{"lr": 0.00030280060120240474, "data_time": 0.012716784477233886, "loss": 2.4103632628917695, "loss_rpn_cls": 0.5192064338922501, "loss_rpn_bbox": 0.03525854782667011, "loss_cls": 0.1307474988605827, "acc": 98.6328125, "loss_bbox": 0.07565877454151632, "loss_mask": 1.649491983652115, "time": 27.126107058525086, "epoch": 2, "iter": 61, "step": 61}
{"lr": 0.00035785571142284557, "data_time": 0.01559443473815918, "loss": 1.7653555381298065, "loss_rpn_cls": 0.43601830780506134, "loss_rpn_bbox": 0.03771895589772612, "loss_cls": 0.15829869090579451, "acc": 85.83984375, "loss_bbox": 0.09890975969348802, "loss_mask": 1.0344098180532455, "time": 27.6209619140625, "epoch": 3, "iter": 72, "step": 72}
{"lr": 0.00040790581162324644, "data_time": 0.015005130767822266, "loss": 1.510602571964264, "loss_rpn_cls": 0.35713500827550887, "loss_rpn_bbox": 0.03823666786774993, "loss_cls": 0.17130783312022685, "acc": 96.38671875, "loss_bbox": 0.11996814869984519, "loss_mask": 0.8239549094438553, "time": 28.200472784042358, "epoch": 3, "iter": 82, "step": 82}
{"lr": 0.00045795591182364736, "data_time": 0.012979121208190917, "loss": 1.2977299857139588, "loss_rpn_cls": 0.2854933786392212, "loss_rpn_bbox": 0.034247305318713187, "loss_cls": 0.16229873076081275, "acc": 98.33984375, "loss_bbox": 0.12646547812910286, "loss_mask": 0.6892250943183899, "time": 28.93400143623352, "epoch": 3, "iter": 92, "step": 92}
{"coco/bbox_mAP": 0.001, "coco/bbox_mAP_50": 0.004, "coco/bbox_mAP_75": 0.0, "coco/bbox_mAP_s": 0.0, "coco/bbox_mAP_m": 0.0, "coco/bbox_mAP_l": 0.001, "coco/segm_mAP": 0.001, "coco/segm_mAP_50": 0.004, "coco/segm_mAP_75": 0.0, "coco/segm_mAP_s": 0.0, "coco/segm_mAP_m": 0.0, "coco/segm_mAP_l": 0.001, "data_time": 0.0752555590409499, "time": 7.385176530251136, "step": 3}
{"lr": 0.0005130110220440883, "data_time": 0.01511265754699707, "loss": 1.1569132113456726, "loss_rpn_cls": 0.21593066081404685, "loss_rpn_bbox": 0.032178144236095246, "loss_cls": 0.16273896135389804, "acc": 95.21484375, "loss_bbox": 0.13356298452883494, "loss_mask": 0.6125024610757828, "time": 28.824590663909913, "epoch": 4, "iter": 103, "step": 103}
{"lr": 0.0005630611222444892, "data_time": 0.012152233123779298, "loss": 1.0921518290042878, "loss_rpn_cls": 0.17564620614051818, "loss_rpn_bbox": 0.03237742196302861, "loss_cls": 0.1657655157148838, "acc": 97.55859375, "loss_bbox": 0.1449913884054695, "loss_mask": 0.5733713030815124, "time": 29.281001024246216, "epoch": 4, "iter": 113, "step": 113}
{"lr": 0.0006131112224448897, "data_time": 0.012575206756591796, "loss": 1.0921190321445464, "loss_rpn_cls": 0.16564557775855066, "loss_rpn_bbox": 0.036213824902661146, "loss_cls": 0.1753363512456417, "acc": 97.65625, "loss_bbox": 0.16020006669932627, "loss_mask": 0.5547232174873352, "time": 29.7733994102478, "epoch": 4, "iter": 123, "step": 123}
{"lr": 0.0006681663326653307, "data_time": 0.014496150016784668, "loss": 1.0298008954524993, "loss_rpn_cls": 0.14789523780345917, "loss_rpn_bbox": 0.03278604285325855, "loss_cls": 0.16597251452505588, "acc": 86.1328125, "loss_bbox": 0.15641910332851694, "loss_mask": 0.5267280054092407, "time": 29.725092401504515, "epoch": 5, "iter": 134, "step": 134}
{"lr": 0.0007182164328657314, "data_time": 0.013903865814208985, "loss": 1.0032562386989594, "loss_rpn_cls": 0.14492431484162807, "loss_rpn_bbox": 0.034462871090508995, "loss_cls": 0.15741628050804138, "acc": 92.87109375, "loss_bbox": 0.14893075880143442, "loss_mask": 0.5175220164656639, "time": 30.027241907119752, "epoch": 5, "iter": 144, "step": 144}
{"lr": 0.000768266533066132, "data_time": 0.013899140357971192, "loss": 1.031854100227356, "loss_rpn_cls": 0.15074536614120007, "loss_rpn_bbox": 0.040583951510488984, "loss_cls": 0.16244283184409142, "acc": 91.015625, "loss_bbox": 0.16039640715011047, "loss_mask": 0.5176855447888374, "time": 30.38526830673218, "epoch": 5, "iter": 154, "step": 154}
{"lr": 0.000823321643286573, "data_time": 0.016831488609313966, "loss": 1.0517031669616699, "loss_rpn_cls": 0.14595935836434365, "loss_rpn_bbox": 0.04293733750469983, "loss_cls": 0.16947220094501972, "acc": 87.79296875, "loss_bbox": 0.1905484744324349, "loss_mask": 0.5027857995033265, "time": 31.133147959709166, "epoch": 6, "iter": 165, "step": 165}
{"lr": 0.0008733717434869738, "data_time": 0.015407228469848632, "loss": 0.9531751978397369, "loss_rpn_cls": 0.12441827058792114, "loss_rpn_bbox": 0.03595104831736535, "loss_cls": 0.15161821626126767, "acc": 97.55859375, "loss_bbox": 0.18351258242269977, "loss_mask": 0.45767507910728455, "time": 31.608178267478944, "epoch": 6, "iter": 175, "step": 175}
{"lr": 0.0009234218436873743, "data_time": 0.014793944358825684, "loss": 0.9807535803318024, "loss_rpn_cls": 0.13371830970048904, "loss_rpn_bbox": 0.03963715821970254, "loss_cls": 0.1436877601593733, "acc": 94.43359375, "loss_bbox": 0.1809322079527192, "loss_mask": 0.48277813792228697, "time": 31.056662940979002, "epoch": 6, "iter": 185, "step": 185}
{"coco/bbox_mAP": 0.074, "coco/bbox_mAP_50": 0.243, "coco/bbox_mAP_75": 0.02, "coco/bbox_mAP_s": 0.0, "coco/bbox_mAP_m": 0.0, "coco/bbox_mAP_l": 0.098, "coco/segm_mAP": 0.104, "coco/segm_mAP_50": 0.273, "coco/segm_mAP_75": 0.059, "coco/segm_mAP_s": 0.0, "coco/segm_mAP_m": 0.0, "coco/segm_mAP_l": 0.142, "data_time": 0.029492957251412526, "time": 7.601220113890512, "step": 6}
{"lr": 0.000978476953907815, "data_time": 0.016196284294128418, "loss": 0.9900476956367492, "loss_rpn_cls": 0.12487914524972439, "loss_rpn_bbox": 0.03934011767152697, "loss_cls": 0.1446391835808754, "acc": 98.53515625, "loss_bbox": 0.1999255446344614, "loss_mask": 0.48126370161771775, "time": 31.3774001455307, "epoch": 7, "iter": 196, "step": 196}
{"lr": 0.0010285270541082155, "data_time": 0.013478407859802246, "loss": 0.9496542209386826, "loss_rpn_cls": 0.11196205697953701, "loss_rpn_bbox": 0.0346742084948346, "loss_cls": 0.1383009008318186, "acc": 98.6328125, "loss_bbox": 0.21029800146818162, "loss_mask": 0.4544190511107445, "time": 32.781240029335024, "epoch": 7, "iter": 206, "step": 206}
